candidate_id,name,email,phone,city,created_at
1,Aarav Sharma,aarav@gmail.com,9876543210,Bhopal,2026-01-05
2,Riya Verma,riya@gmail.com,9876543211,Indore,2026-01-06
3,Kunal Singh,kunal@gmail.com,9876543212,,2026-01-07
4,Neha Patel,9876543213,9876543213,Bhopal,2026-01-08
5,Sana Khan,,9876543214,Raipur,2026-01-09
6,Vikram Jain,vikram@gmail,9876543215,Indore,2026-01-10
7,Meera Joshi,meera@gmail.com,,Bhopal,2026-01-11
8,Arjun Mehta,arjun@gmail.com,9876543216,Delhi,2026-01-12
9,Pooja Rao,pooja@gmail.com,9876543217,,2026-01-13
10,Rohan Das,rohan@gmail.com,9876543218,Bhopal,2026-01-14
11,Ananya Gupta,ananya@gmail.com,9876543219,Indore,2026-01-15
12,Dev Malhotra,dev@gmail.com,9876543220,Raipur,2026-01-16
